filename,distance
image_1164.jpg,87848428.73
image_1172.jpg,255898804.43
image_0688.jpg,10006371.95
image_0957.jpg,16886897.84
image_0484.jpg,8635735.6
image_0024.jpg,9438168.14
image_0380.jpg,106804364.12
image_1293.jpg,34542285.01
image_0955.jpg,146687526.16
image_0703.jpg,233496533.42
image_0622.jpg,8576518.29
image_0600.jpg,1824058.51
image_0286.jpg,1688022.85
image_0795.jpg,7736801.81
image_1025.jpg,14490849.24
image_0719.jpg,4911699.79
image_0064.jpg,4952866.31
image_1258.jpg,26828812.04
image_1207.jpg,85948767.85
image_0835.jpg,22943568.29
image_1155.jpg,311746156.54
image_1112.jpg,46664560.2
image_0961.jpg,1885854.28
image_1219.jpg,26743810.95
image_0336.jpg,29575579.03
image_0302.jpg,139729809.98
image_0768.jpg,5450002.05
image_0559.jpg,21011415.93
image_0314.jpg,3152491.95
image_0247.jpg,176797206.14
image_0241.jpg,11480813.66
image_0519.jpg,152640457.39
image_0905.jpg,27592547.82
image_0667.jpg,10469475.25
image_0530.jpg,10878397.69
image_0450.jpg,57364027.81
image_0108.jpg,112374877.07
image_0344.jpg,88168859.9
image_0737.jpg,157009627.84
image_1126.jpg,21829241.2
image_0499.jpg,23718025.23
image_0767.jpg,3393653.2
image_0997.jpg,100260999.38
image_0682.jpg,34462651.82
image_0373.jpg,13937049.3
image_0473.jpg,75772509.1
image_0791.jpg,51728109.18
image_1007.jpg,2992733.78
image_0850.jpg,43665664.02
image_0459.jpg,2791119663.49
image_0172.jpg,34873896.87
image_1075.jpg,6551709.97
image_0919.jpg,20271219.86
image_0935.jpg,85125131.55
image_0055.jpg,4222630.71
image_0560.jpg,519493290.68
image_0105.jpg,105332996.58
image_0345.jpg,190054936.73
image_1315.jpg,18824158.76
image_0488.jpg,2770433.23
image_0888.jpg,3773902.51
image_1251.jpg,98586482.47
image_0529.jpg,266164657.29
image_0865.jpg,17923088.53
image_1044.jpg,434888288.91
image_1076.jpg,294987479.82
image_0155.jpg,275662081.78
image_1115.jpg,24958667.59
image_0566.jpg,32422013.27
image_0819.jpg,43225692.02
image_1006.jpg,248635600.6
image_1224.jpg,15812819.65
image_1102.jpg,2401783.34
image_0293.jpg,24884952.94
image_0363.jpg,45576759.06
image_0188.jpg,992787268.27
image_0743.jpg,5723766.32
image_1333.jpg,53535210.9
image_0248.jpg,99384431.75
image_1255.jpg,20183621.14
image_0374.jpg,56389721.22
image_0193.jpg,1806235.28
image_0084.jpg,34218323.28
image_0917.jpg,7592193.66
image_0532.jpg,24145226.14
image_0338.jpg,39151815.01
image_0500.jpg,110777265.54
image_1287.jpg,25623186.24
image_1174.jpg,1300818067.27
image_0210.jpg,77719982.36
image_1262.jpg,55741174.53
image_0805.jpg,194686285.77
image_1297.jpg,20848210.85
image_1151.jpg,154361036.86
image_1271.jpg,6396791.48
image_0464.jpg,89246334.54
image_1241.jpg,10022914.42
image_0223.jpg,8611442.47
image_0517.jpg,35373075.74
image_1314.jpg,106958308.45
image_0315.jpg,149968854.59
image_1269.jpg,79180008.22
image_1047.jpg,6077582.53
image_0324.jpg,175072297.23
image_0528.jpg,79206610.16
image_0215.jpg,324414384.96
image_0970.jpg,78933936.74
image_1107.jpg,121977438.29
image_1083.jpg,47068131.6
image_1203.jpg,7299932.83
image_0625.jpg,2261962.41
image_0796.jpg,3564557.52
image_1272.jpg,562640539.71
image_0331.jpg,52730022.96
image_0735.jpg,13904417.47
image_1238.jpg,235527842.24
image_0601.jpg,78884498.63
image_0899.jpg,1002807.07
image_0662.jpg,71826585.78
image_0554.jpg,37783381.25
image_1337.jpg,88092833.09
image_0290.jpg,6844691.11
image_0271.jpg,3912912.54
image_0544.jpg,10235348.36
image_0458.jpg,3082948732.1
image_0774.jpg,96676016.19
image_0256.jpg,24094399.27
image_0734.jpg,6829172.47
image_0422.jpg,179897497.09
image_1103.jpg,16290864.16
image_0179.jpg,12026138.21
image_0425.jpg,116758741.91
image_0073.jpg,78220435.69
image_1237.jpg,40801463.96
image_1289.jpg,108906671.8
image_1166.jpg,22401257.96
image_1070.jpg,108864497.59
image_0320.jpg,34142171.23
image_1295.jpg,6895534.3
image_0471.jpg,851905098.27
image_1016.jpg,93036894.6
image_0588.jpg,4707321.51
image_1091.jpg,2699071.42
image_1021.jpg,46637739.34
image_1019.jpg,5769790.45
image_0542.jpg,530676028.55
image_1321.jpg,11839945.61
image_0276.jpg,5659076.01
image_0277.jpg,13617497.75
image_0726.jpg,28861240.65
image_1201.jpg,39277018.38
image_0030.jpg,25620478.18
image_0066.jpg,76363021.55
image_0567.jpg,315956870.44
image_0956.jpg,5549559.27
image_1187.jpg,65435375.13
image_0615.jpg,78082542.98
image_0366.jpg,58787260.36
image_0145.jpg,4602900.14
image_0940.jpg,516391598.02
image_0076.jpg,16651790.54
image_0274.jpg,7579145.08
image_1139.jpg,136275539.65
image_0161.jpg,16616511.04
image_0085.jpg,75977842.59
image_1242.jpg,10859175.1
image_0823.jpg,43149478.43
image_1218.jpg,23375890.25
image_0858.jpg,27793358.33
image_0844.jpg,13062469.71
image_0429.jpg,88739794.72
image_0653.jpg,5857480.59
image_0986.jpg,3037738.68
image_1249.jpg,87599285.74
image_1339.jpg,145472923.24
image_0918.jpg,8299364.91
image_1008.jpg,3808578.01
image_0770.jpg,6250158.33
image_1183.jpg,54007620.23
image_0409.jpg,1421312796.14
image_0117.jpg,2446007.28
image_0023.jpg,4057001.71
image_0382.jpg,79679968.68
image_0495.jpg,168451818.56
image_1097.jpg,55977754.93
image_0329.jpg,126944656.21
image_0778.jpg,3607511.92
image_0124.jpg,113268815.39
image_0950.jpg,10011625.18
image_0390.jpg,63493137.88
image_0537.jpg,81823100.57
image_1336.jpg,40892869.04
image_0224.jpg,25037496.02
image_0386.jpg,185516104.5
image_0095.jpg,62688455.33
image_0701.jpg,10428069.42
image_0444.jpg,93891210.05
image_0546.jpg,127436418.9
image_0656.jpg,20018776.02
image_0717.jpg,7487110.02
image_0847.jpg,94461945.66
image_0746.jpg,3829422.9
image_0921.jpg,1067355.17
image_0587.jpg,14583879.02
image_1353.jpg,30339251.28
image_0668.jpg,1548142378.4
image_0350.jpg,70293065.98
image_0378.jpg,72058173.5
image_0871.jpg,120871694.75
image_0515.jpg,28016021.51
image_0214.jpg,800576944.53
image_0522.jpg,6253570.13
image_1250.jpg,258930839.78
image_1317.jpg,275313996.08
image_0090.jpg,347200.09
image_0038.jpg,9053789.57
image_0985.jpg,21671384.51
image_0748.jpg,6258098.09
image_0461.jpg,102521427.76
image_0666.jpg,9107439.87
image_0636.jpg,299670452.5
image_0949.jpg,10284944.13
image_0863.jpg,79491637.17
image_0125.jpg,158893691.08
image_0062.jpg,69016182.82
image_0185.jpg,15461210.25
image_0423.jpg,6668049.04
image_0839.jpg,10776001.54
image_1176.jpg,20169522.83
image_0182.jpg,359103270.38
image_0830.jpg,75916706.31
image_1167.jpg,14151820.13
image_1159.jpg,11998623.34
image_0535.jpg,18121784.87
image_0702.jpg,3463304.13
image_0466.jpg,1852537.85
image_0663.jpg,9854442.54
image_0998.jpg,15903627.95
image_0548.jpg,51293785.14
image_0867.jpg,24368944.2
image_0102.jpg,52731875.68
image_0150.jpg,2815331576.87
image_0810.jpg,5529227.26
image_1190.jpg,41586023.37
image_0321.jpg,179983576.86
image_0128.jpg,14363844.11
image_0740.jpg,2504250180.63
image_0389.jpg,4418914.75
image_0448.jpg,544111096.32
image_0574.jpg,5082225.74
image_0910.jpg,6526509.29
image_0238.jpg,2372625.8
image_1281.jpg,16624264.35
image_1300.jpg,235786698.51
image_0245.jpg,2414077.43
image_0849.jpg,126355812.33
image_0518.jpg,126439238.44
image_1156.jpg,17717718.79
image_0376.jpg,45622862.06
image_0552.jpg,165131970.78
image_0798.jpg,16918857.35
image_0049.jpg,1116674.18
image_0920.jpg,59794359.46
image_0579.jpg,3544109.06
image_1261.jpg,21549248.55
image_0485.jpg,1567372669.42
image_0870.jpg,25880553.69
image_0174.jpg,35547251.42
image_0221.jpg,14711485.23
image_0356.jpg,108108306.12
image_0310.jpg,27764852.83
image_0794.jpg,4774169.31
image_1162.jpg,197561181.41
image_0195.jpg,37340970.54
image_1230.jpg,153382729.72
image_0890.jpg,79602300.13
image_0684.jpg,11893764.68
image_0207.jpg,3471561.46
image_0052.jpg,184550167.52
image_0433.jpg,86408437.7
image_0563.jpg,79565017.67
image_0115.jpg,23999061.97
image_0593.jpg,5737643.97
image_0825.jpg,5395989.56
image_0093.jpg,34994526.36
image_1192.jpg,24763924.51
image_1060.jpg,80126491.27
image_0441.jpg,92407496.39
image_1290.jpg,7276940.62
image_0913.jpg,5851691.73
image_0236.jpg,1652889.83
image_1223.jpg,110028577.32
image_0502.jpg,54464770.48
image_1302.jpg,120498853.12
image_0292.jpg,43562278.92
image_0483.jpg,9661924.57
image_0716.jpg,7737426.49
image_0827.jpg,22797145.11
image_0842.jpg,23603243.81
image_1071.jpg,87763612.83
image_1235.jpg,40253714.25
image_0031.jpg,9579969.11
image_0045.jpg,6653703.84
image_0183.jpg,8085883.85
image_0096.jpg,77796544.15
image_0569.jpg,11187205.86
image_0779.jpg,11693832.81
image_1292.jpg,3466599.25
image_0281.jpg,20636895.44
image_0630.jpg,38628409.86
image_0586.jpg,10655209.54
image_0987.jpg,28479943.01
image_0233.jpg,34607522.44
image_0432.jpg,3470105.52
image_0648.jpg,278888762.4
image_1028.jpg,17515750.12
image_0284.jpg,371735197.69
image_0384.jpg,65278270.27
image_1169.jpg,3566951.1
image_0853.jpg,80319507.38
image_1125.jpg,34706676.52
image_0880.jpg,87364865.72
image_0833.jpg,38021427.09
image_1354.jpg,91018735.57
image_0784.jpg,14455260.26
image_1058.jpg,30754223.21
image_0960.jpg,5341463.57
image_1052.jpg,23111198.28
image_0013.jpg,29638097.24
image_1244.jpg,20160771.2
image_0672.jpg,11718876.92
image_0294.jpg,14399304.86
image_1298.jpg,38071837.97
image_0811.jpg,79787752.82
image_0152.jpg,10886025.74
image_0109.jpg,97546499.9
image_0094.jpg,4759949.85
image_0898.jpg,46083146.52
image_1085.jpg,29869932.76
image_0506.jpg,46871260.58
image_0029.jpg,13907836.15
image_1036.jpg,9087434.48
image_0555.jpg,85751867.45
image_0523.jpg,24093730.07
image_0158.jpg,8204333.8
image_0872.jpg,4671890.23
image_0751.jpg,12386330.9
image_0558.jpg,43353753.19
image_0675.jpg,9260439.24
image_1226.jpg,152850495.95
image_1057.jpg,1753296.86
image_0513.jpg,544858275.74
image_0541.jpg,1598289.4
image_1042.jpg,436665658.71
image_0568.jpg,7689002.03
image_0337.jpg,121687214.07
image_0914.jpg,5318297.94
image_1129.jpg,9292522.8
image_0780.jpg,55796791.3
image_0469.jpg,179897497.12
image_0054.jpg,10551539.52
image_0695.jpg,12387294.08
image_0061.jpg,1425807.67
image_0129.jpg,4490295.93
image_0400.jpg,52694301.2
image_0521.jpg,7252906.47
image_0287.jpg,93197148.56
image_1177.jpg,468040792.45
image_0609.jpg,21433879.04
image_0646.jpg,3303407.95
image_0744.jpg,4518404.5
image_0705.jpg,1673403.98
image_1066.jpg,8765451.62
image_0983.jpg,78987033.56
image_0017.jpg,2444378.79
image_1161.jpg,104973816.19
image_0612.jpg,16167084.43
image_0048.jpg,20651930.83
image_0091.jpg,178608025.33
image_0565.jpg,4744055.33
image_1208.jpg,153211725.37
image_1101.jpg,8624728.16
image_1045.jpg,1939817.82
image_0220.jpg,47938633.17
image_0316.jpg,84358932.86
image_0068.jpg,17937372.07
image_0627.jpg,73616641.32
image_0809.jpg,4065786.68
image_0217.jpg,4547088.72
image_0079.jpg,18565928.51
image_1202.jpg,256755385.22
image_0057.jpg,11504810.89
image_1254.jpg,25256717.08
image_0828.jpg,53002718.92
image_0333.jpg,79083198.24
image_1332.jpg,21098690.98
image_1072.jpg,91064377.3
image_0664.jpg,58956143.24
image_0908.jpg,23576519.49
image_0104.jpg,11782134.65
image_1335.jpg,13895897.31
image_1215.jpg,6031875.45
image_1305.jpg,4572809.63
image_0551.jpg,24734073.11
image_0848.jpg,52839395.63
image_0855.jpg,122283264.45
image_0991.jpg,6109146.65
image_0756.jpg,33679448.03
image_0694.jpg,30759139.98
image_1141.jpg,27192321.15
image_0211.jpg,21718389.47
image_0039.jpg,4599532.56
image_0396.jpg,36213586.45
image_0398.jpg,14513683.01
image_0050.jpg,161178812.33
image_1160.jpg,68289555.07
image_0582.jpg,2742940.64
image_0802.jpg,5365013.0
image_0570.jpg,4128170.03
image_0251.jpg,5320699.56
image_0199.jpg,29294223.29
image_0556.jpg,93335783.14
image_0465.jpg,233512894.71
image_0857.jpg,41074314.75
image_0140.jpg,38465071.01
image_0411.jpg,22580433.63
image_0490.jpg,79390546.66
image_0721.jpg,159484086.63
image_0110.jpg,92252007.93
image_0406.jpg,64217306.6
image_0114.jpg,12481351.1
image_0803.jpg,5064719.35
image_0421.jpg,12817466.17
image_0018.jpg,604159106.81
image_0634.jpg,19281965.86
image_0693.jpg,82753161.32
image_0157.jpg,41242257.45
image_0749.jpg,507110954.99
image_1266.jpg,16071647.04
image_0598.jpg,3004956.16
image_0420.jpg,172174743.48
image_0176.jpg,86479869.14
image_0845.jpg,42132028.99
image_1105.jpg,151194200.11
image_0173.jpg,5536473.39
image_0219.jpg,214386497.25
image_0966.jpg,6869109.06
image_0419.jpg,419488936.77
image_0661.jpg,113550065.98
image_0710.jpg,649333.68
image_0596.jpg,67891186.81
image_0781.jpg,9781802.65
image_1264.jpg,65650000.04
image_0504.jpg,18046335.47
image_0831.jpg,364782215.67
image_0769.jpg,28376332.88
image_0468.jpg,22578831.18
image_1204.jpg,11652469.76
image_0572.jpg,1126126.85
image_0237.jpg,35196045.07
image_0149.jpg,74111533.16
image_0239.jpg,94994429.95
image_1247.jpg,57287102.63
image_0297.jpg,24277995.1
image_0814.jpg,90910547.39
image_0008.jpg,2387032.09
image_0252.jpg,12790986.24
image_1032.jpg,23850298.97
image_0081.jpg,8780093.97
image_0092.jpg,50577684.56
image_1120.jpg,19465125.2
image_0874.jpg,16167528.63
image_0070.jpg,331639974.56
image_0299.jpg,29204185.87
image_1280.jpg,52440111.72
image_0089.jpg,5531528.13
image_0608.jpg,26150687.27
image_0792.jpg,4454867.33
image_1050.jpg,1262778129.23
image_0944.jpg,5356936.54
image_1020.jpg,2225525.3
image_0491.jpg,7845519.87
image_0341.jpg,144841273.81
image_0417.jpg,185847832.66
image_1334.jpg,16160787.27
image_0832.jpg,80447846.57
image_0789.jpg,54123289.1
image_0892.jpg,1313746.83
image_0512.jpg,180088682.16
image_1231.jpg,27239542.03
image_0963.jpg,30748922.19
image_1053.jpg,30776512.62
image_1087.jpg,530567640.19
image_0463.jpg,141112403.18
image_1143.jpg,309734801.32
image_1341.jpg,49111024.49
image_0171.jpg,39612989.19
image_0725.jpg,1866067.34
image_1116.jpg,66047001.28
image_0253.jpg,76616978.49
image_0962.jpg,16137454.15
image_1138.jpg,188034027.28
image_0489.jpg,19509419.43
image_1005.jpg,1475852525.29
image_0288.jpg,3000950.48
image_0697.jpg,75057418.82
image_1360.jpg,4360426.74
image_0119.jpg,65144865.93
image_0603.jpg,48882840.55
image_0821.jpg,29335641.66
image_0912.jpg,1361469.74
image_1256.jpg,7304595.51
image_0897.jpg,1797870.48
image_0056.jpg,15452806.02
image_0978.jpg,154027858.09
image_0404.jpg,221502101.16
image_1296.jpg,7730102.72
image_1122.jpg,15257708.24
image_0035.jpg,4263202.4
image_0372.jpg,192614485.17
image_0699.jpg,63288860.03
image_0577.jpg,1606544.73
image_0012.jpg,28662903.87
image_0231.jpg,112035388.92
image_0355.jpg,193927565.74
image_1343.jpg,798317358.35
image_0752.jpg,15917754.39
image_0047.jpg,3790952.42
image_0430.jpg,291402626.56
image_0074.jpg,150490495.57
image_0317.jpg,120790551.26
image_0618.jpg,100413699.9
image_0533.jpg,184762401.4
image_0186.jpg,43906543.73
image_1325.jpg,25475768.45
image_1236.jpg,28692785.84
image_0010.jpg,4813327.07
image_0714.jpg,81187744.89
image_1108.jpg,4568000.86
image_1352.jpg,9385563.89
image_0270.jpg,4466575.09
image_0235.jpg,136710070.8
image_0941.jpg,6564257.02
image_0818.jpg,6044548.63
image_0854.jpg,7243921.26
image_0722.jpg,6511021.3
image_0581.jpg,14309270.31
image_0614.jpg,6016794.87
image_0263.jpg,43755980.9
image_0194.jpg,290783377.15
image_1274.jpg,38824597.26
image_0690.jpg,17277366.18
image_0282.jpg,527005743.33
image_0926.jpg,16512355.77
image_0930.jpg,29057081.47
image_1073.jpg,6430678.08
image_1327.jpg,43668745.15
image_1270.jpg,11193137.8
image_0589.jpg,21292667.87
image_0383.jpg,3682774.79
image_1210.jpg,10969816.83
image_0004.jpg,185686101.09
image_1184.jpg,10658815.04
image_0806.jpg,48980558.44
image_0496.jpg,29089923.03
image_1216.jpg,8800358.96
image_1318.jpg,14597250.86
image_0599.jpg,12586861.78
image_0352.jpg,11364402.14
image_0545.jpg,226272328.8
image_0610.jpg,6760439.09
image_0673.jpg,285400316.43
image_0826.jpg,6552618.3
image_0097.jpg,2177137.18
image_1090.jpg,162484547.41
image_0807.jpg,24005866.15
image_0952.jpg,4149498.94
image_0900.jpg,4878848.82
image_0153.jpg,21311664.21
image_1137.jpg,8455104.35
image_0938.jpg,8629418.4
image_1009.jpg,8104597.89
image_1035.jpg,18363064.63
image_0613.jpg,20878836.26
image_0428.jpg,270324731.19
image_1193.jpg,23343863.41
image_0877.jpg,10076672.52
image_0909.jpg,73791598.45
image_0728.jpg,39251129.62
image_0797.jpg,15444988.57
image_0203.jpg,39199372.78
image_0225.jpg,276822618.07
image_0328.jpg,12667778.88
image_0416.jpg,59390937.96
image_0100.jpg,526832.37
image_0127.jpg,16696609.37
image_0481.jpg,5602115.07
image_0226.jpg,17920286.1
image_1285.jpg,40702524.46
image_0101.jpg,11279521.21
image_0525.jpg,15142912.28
image_0678.jpg,33956550.49
image_0009.jpg,10300175.07
image_1041.jpg,24763882.14
image_0975.jpg,42731649.85
image_0937.jpg,6484902.36
image_1109.jpg,20646993.18
image_1114.jpg,45576693.59
image_1146.jpg,111065720.38
image_0964.jpg,60819504.29
image_0434.jpg,63711740.98
image_0439.jpg,273441602.68
image_0869.jpg,24037858.15
image_0412.jpg,2106690.57
image_1081.jpg,25405710.58
image_1168.jpg,12050277.84
image_0617.jpg,30878252.15
image_0852.jpg,29691349.6
image_0244.jpg,527161806.78
image_1234.jpg,81345589.69
image_1291.jpg,8821939.22
image_1011.jpg,451120912.49
image_1082.jpg,4338858.58
image_0984.jpg,4206297.58
image_0879.jpg,19858387.36
image_1118.jpg,261131187.2
image_0683.jpg,29436066.21
image_0480.jpg,20928257.85
image_1326.jpg,18546315.92
image_0391.jpg,17058435.11
image_0498.jpg,8648513.18
image_1320.jpg,11418295.49
image_0883.jpg,3956984.01
image_0354.jpg,21141150.59
image_1185.jpg,10145643.96
image_0939.jpg,1551777.7
image_0401.jpg,21887622.68
image_0677.jpg,64186335.92
image_0167.jpg,31946600.12
image_0395.jpg,11506792.84
image_1304.jpg,33054825.16
image_0834.jpg,11863864.69
image_0436.jpg,851914614.31
image_0034.jpg,20844560.51
image_0576.jpg,7271409.84
image_0729.jpg,34458798.67
image_0418.jpg,92261455.31
image_0647.jpg,1239641.56
image_0476.jpg,320953692.85
image_0099.jpg,98260501.13
image_1012.jpg,7494842.53
image_0812.jpg,15828691.1
image_1181.jpg,172753128.94
image_1263.jpg,41241820.24
image_0654.jpg,21375512.37
image_0585.jpg,66979915.05
image_0347.jpg,20401210.81
image_0704.jpg,10975642.32
image_1191.jpg,35103907.39
image_0227.jpg,6181722.15
image_0154.jpg,10279904.73
image_0222.jpg,41944154.97
image_1056.jpg,202711252.48
image_0509.jpg,7147841.4
image_1130.jpg,542288266.87
image_1359.jpg,34678892.15
image_0388.jpg,62288267.27
image_0597.jpg,6568564.89
image_0472.jpg,979394227.86
image_0580.jpg,8672838.38
image_0602.jpg,114359303.19
image_1211.jpg,82218300.39
image_1276.jpg,77233189.48
image_0711.jpg,85960753.37
image_0881.jpg,159164108.73
image_0882.jpg,1066723.5
image_0212.jpg,51381200.42
image_0403.jpg,177088010.85
image_0470.jpg,86406871.84
image_0335.jpg,351715709.94
image_1286.jpg,3262736.99
image_1150.jpg,12050703.74
image_0229.jpg,6963969.71
image_0259.jpg,17499600.42
image_1347.jpg,31370104.16
image_1142.jpg,20589695.42
image_1243.jpg,17308789.37
image_0999.jpg,62216652.47
image_1022.jpg,39773534.04
image_0360.jpg,172777504.0
image_1124.jpg,342622132.51
image_0326.jpg,19563644.52
image_0392.jpg,5018882.34
image_0319.jpg,45989175.84
image_0177.jpg,6263194.28
image_0175.jpg,92270687.67
image_1106.jpg,12775485.87
image_0650.jpg,7317158.98
image_1018.jpg,1935140.78
image_0370.jpg,179532287.11
image_0783.jpg,4759463.82
image_0357.jpg,14166004.0
image_0213.jpg,36564789.74
image_1330.jpg,1832840620.96
image_0053.jpg,3259077.4
image_1179.jpg,230887174.54
image_1033.jpg,5940193.29
image_0652.jpg,28469361.64
image_0757.jpg,493607456.72
image_1252.jpg,12360275.23
image_0531.jpg,21786171.99
image_0724.jpg,271093623.33
image_1275.jpg,15235977.01
image_1282.jpg,12769447.99
image_0232.jpg,1380679505.15
image_0862.jpg,12203224.69
image_1306.jpg,20094794.35
image_0547.jpg,10543786.9
image_1277.jpg,43262055.07
image_0309.jpg,10724944.18
image_1017.jpg,24103463.78
image_1104.jpg,656078916.61
image_0037.jpg,12128422.15
image_1078.jpg,32106779.45
image_0736.jpg,125763380.98
image_1240.jpg,219504101.14
image_0020.jpg,3247027.8
image_0170.jpg,133896934.9
image_0014.jpg,20662327.02
image_0550.jpg,143738280.92
image_0763.jpg,15933122.62
image_0107.jpg,2198481.29
image_0723.jpg,1468188.81
image_0659.jpg,250954651.69
image_0036.jpg,1601076.12
image_0508.jpg,120961947.49
image_0266.jpg,13828826.82
image_1048.jpg,29044611.48
image_0137.jpg,45498234.44
image_0946.jpg,12134170.35
image_0700.jpg,100349812.51
image_0762.jpg,7479881.73
image_0733.jpg,78851992.0
image_0584.jpg,13974130.88
image_0413.jpg,172219926.93
image_0362.jpg,77474366.79
image_0189.jpg,3141608.51
image_0268.jpg,4226920.39
image_0334.jpg,1627349772.95
image_0860.jpg,38002559.3
image_0147.jpg,1772450.36
image_1259.jpg,521289205.81
image_0619.jpg,1682246.66
image_0927.jpg,3288920.52
image_1323.jpg,36655913.51
image_0773.jpg,61167108.23
image_1030.jpg,44757208.83
image_0369.jpg,39570647.67
image_0564.jpg,30388361.05
image_0027.jpg,21218859.52
image_1188.jpg,102477599.21
image_1136.jpg,15518625.22
image_0943.jpg,25561614.2
image_0019.jpg,4146347.12
image_0942.jpg,9741676.65
image_0698.jpg,2969464.69
image_1228.jpg,16486423.62
image_0477.jpg,132809895.73
image_1355.jpg,84902135.78
image_0543.jpg,18934750.22
image_0332.jpg,240608542.43
image_1059.jpg,79555457.24
image_0951.jpg,1477446.14
image_0087.jpg,46775446.71
image_1096.jpg,7854252.6
image_1147.jpg,71405122.53
image_0933.jpg,19259939.78
image_0516.jpg,13220922.01
image_0903.jpg,16348452.85
image_0250.jpg,203057954.13
image_0304.jpg,56170938.27
image_0922.jpg,14044405.98
image_0995.jpg,2120156.13
image_0604.jpg,1611030480.15
image_0846.jpg,86884599.4
image_0301.jpg,50185165.09
image_0121.jpg,43666918.67
image_0990.jpg,2068988.76
image_0772.jpg,5979360.06
image_0676.jpg,3148060.15
image_0901.jpg,23399299.15
image_0732.jpg,9065530.4
image_1026.jpg,15783051.73
image_0626.jpg,44625556.23
image_0817.jpg,52666470.33
image_0377.jpg,1467590.38
image_0988.jpg,3819016.58
image_0692.jpg,2244285.08
image_0838.jpg,13412621.76
image_0261.jpg,140394021.61
image_0218.jpg,16076451.25
image_0143.jpg,1191463.79
image_1345.jpg,22270205.29
image_1182.jpg,69322391.72
image_1144.jpg,12158197.18
image_0708.jpg,9489480.32
image_1031.jpg,25236101.0
image_0058.jpg,38388691.15
image_1273.jpg,9883954.75
image_0178.jpg,36632755.3
image_0455.jpg,420898991.39
image_1189.jpg,16586484.69
image_0151.jpg,1412603.98
image_0385.jpg,619986014.05
image_0196.jpg,287888847.2
image_0343.jpg,30019874.53
image_0364.jpg,95782405.41
image_0671.jpg,80229587.53
image_0298.jpg,81525867.8
image_0607.jpg,139529045.3
image_0255.jpg,4560753.92
image_0689.jpg,5309882.56
image_0816.jpg,19158761.18
image_0393.jpg,13391234.42
image_0111.jpg,60291767.14
image_0042.jpg,1107795.34
image_1127.jpg,29577777.49
image_0206.jpg,61115599.38
image_0200.jpg,33334902.57
image_0402.jpg,907953066.49
image_0681.jpg,29118319.73
image_0633.jpg,30422551.75
image_1010.jpg,869276.37
image_0156.jpg,11532773.38
image_1257.jpg,70186186.78
image_1099.jpg,5547690.2
image_0788.jpg,837958254.66
image_0851.jpg,28075673.1
image_1145.jpg,3179121.8
image_0098.jpg,12325557.49
image_0016.jpg,3647377.85
image_1119.jpg,65765306.83
image_0777.jpg,33710262.51
image_0916.jpg,30193952.48
image_0242.jpg,132352458.66
image_0655.jpg,17187464.49
image_1170.jpg,154375248.74
image_0142.jpg,13700572.54
image_1024.jpg,15969604.74
image_0977.jpg,4223735.25
image_0635.jpg,32209883.05
image_0205.jpg,6520354.43
image_0742.jpg,41096342.61
image_0747.jpg,46745000.21
image_0285.jpg,3809304.99
image_1029.jpg,16224722.44
image_0875.jpg,49011043.16
image_1178.jpg,8653025.29
image_0972.jpg,123125941.75
image_1284.jpg,52285053.45
image_0209.jpg,259342244.06
image_1051.jpg,1263132.66
image_0578.jpg,2561519.66
image_1149.jpg,18849301.4
image_0973.jpg,10230512.66
image_0669.jpg,9484825.69
image_1221.jpg,64853041.43
image_0934.jpg,19162212.59
image_0479.jpg,5038273.85
image_1206.jpg,11813892.66
image_0616.jpg,5043132.19
image_0945.jpg,4490731.6
image_0478.jpg,527863055.94
image_1268.jpg,65216473.32
image_0643.jpg,21753085.8
image_0651.jpg,162484365.91
image_0775.jpg,12627359.18
image_0371.jpg,79024260.03
image_1307.jpg,10999319.06
image_0272.jpg,65886335.89
image_0923.jpg,82881870.35
image_0836.jpg,11815587.59
image_0906.jpg,16759411.1
image_0859.jpg,33170052.38
image_0660.jpg,418836475.73
image_0974.jpg,39068112.06
image_0078.jpg,1497791.15
image_1086.jpg,4900180.06
image_0365.jpg,5803328.46
image_0323.jpg,103055670.71
image_1260.jpg,150663753.18
image_0706.jpg,47391971.98
image_1110.jpg,3561312.14
image_0103.jpg,3965557.08
image_0679.jpg,11513347.17
image_0427.jpg,2801585683.14
image_0645.jpg,14142518.36
image_0191.jpg,49793029.87
image_0876.jpg,3100566.8
image_0902.jpg,2548426.62
image_0526.jpg,36439936.25
image_1163.jpg,84631241.63
image_0709.jpg,29867013.66
image_0040.jpg,6307491.39
image_1074.jpg,8143529.31
image_0474.jpg,2633759772.24
image_0307.jpg,6728787.88
image_1199.jpg,6699011.27
image_0165.jpg,16608225.94
image_1158.jpg,16569643.88
image_0456.jpg,172220095.56
image_0265.jpg,135530998.8
image_0387.jpg,533279955.96
image_1003.jpg,42057338.65
image_0164.jpg,34346677.01
image_0306.jpg,3699471.38
image_0621.jpg,5422861.98
image_0059.jpg,7328252.7
image_0452.jpg,56526503.27
image_1322.jpg,3688782.8
image_0460.jpg,88784983.73
image_0750.jpg,6713533.06
image_0947.jpg,8225038.05
image_0861.jpg,12904243.48
image_0144.jpg,13605872.26
image_1310.jpg,28507953.13
image_0953.jpg,9576565.16
image_0670.jpg,208132032.07
image_0071.jpg,6862154.98
image_0361.jpg,61994387.56
image_0503.jpg,242261313.31
image_0931.jpg,5839602.71
image_0907.jpg,82947109.12
image_1350.jpg,6814082.68
image_1001.jpg,6237711.17
image_0866.jpg,13719432.96
image_1013.jpg,83852876.3
image_0575.jpg,30787568.73
image_0368.jpg,547538171.15
image_1246.jpg,20532589.33
image_0549.jpg,8148836.1
image_0046.jpg,1849397.81
image_0891.jpg,8103186.88
image_0065.jpg,10269380.08
image_1331.jpg,193246191.59
image_0069.jpg,19843571.63
image_0443.jpg,5490044.96
image_0887.jpg,157433701.6
image_0571.jpg,6722173.29
image_0410.jpg,423485846.98
image_1245.jpg,10784542.93
image_1095.jpg,25128793.28
image_0116.jpg,7829910.11
image_1046.jpg,3564386.57
image_0181.jpg,19399156.92
image_0685.jpg,158070087.65
image_0731.jpg,35939975.57
image_0594.jpg,6858548.01
image_1186.jpg,48900729.83
image_1233.jpg,27666254.16
image_0553.jpg,8792109.57
image_0895.jpg,2557803.86
image_0776.jpg,28541805.73
image_0885.jpg,5691154.02
image_0022.jpg,80273341.3
image_0086.jpg,5399985.01
image_0959.jpg,6104375.83
image_0424.jpg,5490050.81
image_0820.jpg,113348803.36
image_0632.jpg,8295078.16
image_1175.jpg,16900583.6
image_0088.jpg,8137641.84
image_1023.jpg,4435023.51
image_0308.jpg,16095408.0
image_1195.jpg,16389244.38
image_0745.jpg,26119407.33
image_0197.jpg,35111940.5
image_0753.jpg,65710876.25
image_1148.jpg,7198323.37
image_1092.jpg,4055614.17
image_0932.jpg,23474396.48
image_0967.jpg,81433036.26
image_0457.jpg,5819681.5
image_1301.jpg,13296311.33
image_0451.jpg,2512230.21
image_1227.jpg,77461607.87
image_0992.jpg,451034626.08
image_0808.jpg,11346199.92
image_0367.jpg,32859428.18
image_1055.jpg,2418018.47
image_0475.jpg,177530554.57
image_0249.jpg,2543059.02
image_0180.jpg,39930627.89
image_0162.jpg,648154572.17
image_0786.jpg,11881882.55
image_0007.jpg,2437230.02
image_1034.jpg,8839810.61
image_1133.jpg,28679455.45
image_1312.jpg,12986296.12
image_1180.jpg,291847423.16
image_0240.jpg,14007855.45
image_0348.jpg,38655325.74
image_1027.jpg,25853665.2
image_0915.jpg,10266170.62
image_0657.jpg,110766004.52
image_0494.jpg,152754625.22
image_0981.jpg,11981102.24
image_0067.jpg,58080012.98
image_1288.jpg,533309648.59
image_0187.jpg,52427147.97
image_0524.jpg,12885867.57
image_0620.jpg,2129389.55
image_0958.jpg,8892897.4
image_0561.jpg,6267695.64
image_0300.jpg,659020.25
image_0340.jpg,199711770.27
image_0718.jpg,33245766.22
image_0557.jpg,78083665.93
image_1132.jpg,38403306.26
image_0841.jpg,5362958.92
image_1278.jpg,244137502.06
image_0837.jpg,47740471.16
image_0707.jpg,108177302.0
image_0886.jpg,73298638.07
image_0976.jpg,5709336.79
image_1063.jpg,7196506.73
image_0658.jpg,6144876.21
image_1357.jpg,2979988.18
image_1198.jpg,115158016.35
image_0510.jpg,57583654.02
image_0132.jpg,7203066.76
image_1080.jpg,9830614.89
image_0305.jpg,36957478.2
image_1123.jpg,469423754.06
image_0628.jpg,2597659.84
image_1015.jpg,30089048.51
image_1113.jpg,6297612.5
image_0754.jpg,8203217.46
image_0760.jpg,5642132.28
image_1279.jpg,83815868.39
image_0438.jpg,1651079896.03
image_0426.jpg,503756146.39
image_1135.jpg,23990201.91
image_1197.jpg,5602470.76
image_0755.jpg,49331985.94
image_0771.jpg,2981195.23
image_0804.jpg,21731188.72
image_0254.jpg,30498673.83
image_1212.jpg,276953640.95
image_1340.jpg,10489386.45
image_0539.jpg,34804189.5
image_0482.jpg,18429076.81
image_0342.jpg,21699126.5
image_1313.jpg,15216888.93
image_0184.jpg,93968212.86
image_0815.jpg,36652851.44
image_0435.jpg,19222111.02
image_0968.jpg,129435135.13
image_0971.jpg,33967510.1
image_0637.jpg,8232273.4
image_0278.jpg,23921966.21
image_0606.jpg,62754976.77
image_0785.jpg,1054444.37
image_0948.jpg,6621175.04
image_0911.jpg,12514152.58
image_0431.jpg,126892794.28
image_1267.jpg,94399120.53
image_0822.jpg,550451685.45
image_0712.jpg,8892396.26
image_0467.jpg,63552785.14
image_0868.jpg,11060268.45
image_0133.jpg,48908809.13
image_0407.jpg,6795793.02
image_0793.jpg,9726116.44
image_0041.jpg,18170882.15
image_0641.jpg,6768276.97
image_0501.jpg,131636428.66
image_1043.jpg,5221091.04
image_1111.jpg,16935648.02
image_0003.jpg,26017079.82
image_0527.jpg,383515270.98
image_1131.jpg,16872845.69
image_0267.jpg,11511847.78
image_0043.jpg,3811420.33
image_0260.jpg,3155595.6
image_0072.jpg,9921571.51
image_1049.jpg,2736798.7
image_0993.jpg,1940043.61
image_0405.jpg,320959971.97
image_0929.jpg,8250413.19
image_0346.jpg,132637310.96
image_0741.jpg,11641180.07
image_0623.jpg,2866769.84
image_0138.jpg,8391452.9
image_0123.jpg,825998.95
image_0082.jpg,6733670.65
image_0269.jpg,26541137.51
image_1100.jpg,18179618.41
image_0454.jpg,22598974.25
image_0642.jpg,17125234.45
image_1220.jpg,14320209.59
image_0936.jpg,8104180.17
image_0139.jpg,17233185.59
image_0228.jpg,5950777.45
image_0583.jpg,28863344.27
image_1061.jpg,27623708.11
image_0397.jpg,13724525.46
image_0160.jpg,10230896.92
image_0358.jpg,78144410.44
image_0204.jpg,91276581.21
image_1154.jpg,307362137.09
image_0486.jpg,193969190.74
image_0640.jpg,5676720.11
image_0083.jpg,19277531.56
image_0113.jpg,489262660.43
image_0264.jpg,4913424.64
image_1309.jpg,7107418.39
image_0063.jpg,9561773.28
image_1196.jpg,115543451.23
image_0246.jpg,49658072.28
image_1348.jpg,8903861.95
image_1064.jpg,58317438.98
image_0136.jpg,29353185.19
image_0021.jpg,9028926.29
image_1098.jpg,8971294.13
image_1065.jpg,2994551.74
image_0492.jpg,20241915.77
image_0954.jpg,94116991.58
image_0799.jpg,133137278.49
image_0629.jpg,125872542.58
image_0077.jpg,6435692.15
image_0445.jpg,15169432.2
image_1079.jpg,2536844.24
image_1328.jpg,13938709.57
image_0349.jpg,24911198.75
image_0080.jpg,72519348.56
image_0686.jpg,36279281.42
image_1004.jpg,15695598.1
image_0644.jpg,114632242.24
image_0801.jpg,31158224.44
image_1205.jpg,9136516.21
image_0006.jpg,2971436.84
image_0766.jpg,7587430.8
image_0665.jpg,22013107.06
image_0696.jpg,2583314.18
image_0318.jpg,103517031.73
image_0738.jpg,3582695.73
image_0649.jpg,8187584.29
image_0033.jpg,1842391.25
image_1128.jpg,394943755.27
image_0624.jpg,28632367.09
image_1342.jpg,19229984.06
image_0715.jpg,3695632.72
image_0824.jpg,13226765.91
image_1121.jpg,63788354.53
image_0208.jpg,15701185.43
image_0442.jpg,3271891.61
image_0327.jpg,36342321.18
image_0540.jpg,94758572.0
image_1068.jpg,90667340.42
image_0163.jpg,39842056.56
image_0408.jpg,22018784.8
image_0595.jpg,30018563.91
image_0759.jpg,21943447.65
image_0437.jpg,2703571016.19
image_0032.jpg,198364552.12
image_1232.jpg,218034714.27
image_0126.jpg,88702441.89
image_0044.jpg,89108248.67
image_0279.jpg,764379.28
image_0243.jpg,523960365.76
image_1299.jpg,26883300.5
image_1346.jpg,20183424.84
image_0969.jpg,32871511.84
image_1165.jpg,111078016.7
image_1093.jpg,77754348.08
image_0394.jpg,8062021.07
image_1349.jpg,20526768.13
image_1253.jpg,6956926.16
image_0060.jpg,27316353.66
image_0758.jpg,56305499.9
image_1171.jpg,23392700.97
image_0169.jpg,5862563.82
image_0447.jpg,12751970.4
image_0312.jpg,30099484.79
image_0864.jpg,152900559.81
image_0829.jpg,41247629.33
image_1222.jpg,26159671.1
image_0446.jpg,92324385.35
image_0787.jpg,5009826.65
image_0322.jpg,21975289.94
image_0989.jpg,30471115.76
image_1265.jpg,76988902.08
image_0325.jpg,10890203.13
image_0462.jpg,564347972.53
image_0925.jpg,4405949.79
image_0687.jpg,30047125.33
image_0790.jpg,1567145126.45
image_1038.jpg,44808749.68
image_0166.jpg,47974942.14
image_0840.jpg,6301561.31
image_0051.jpg,1122183.59
image_0982.jpg,24166082.63
image_0283.jpg,12375211.47
image_1319.jpg,153378326.42
image_1062.jpg,52508614.52
image_1077.jpg,21145050.74
image_0511.jpg,14449303.29
image_0884.jpg,2480845.55
image_0118.jpg,18634036.92
image_0295.jpg,124530092.49
image_0146.jpg,92633297.04
image_0311.jpg,21045175.93
image_0680.jpg,61951272.3
image_1152.jpg,23392146.55
image_0303.jpg,55989459.31
image_1316.jpg,4425386.83
image_1054.jpg,149520258.6
image_0980.jpg,12661752.93
image_1039.jpg,14420926.78
image_0353.jpg,16263483.47
image_0201.jpg,265183939.54
image_0216.jpg,336293095.0
image_0075.jpg,543945489.37
image_0379.jpg,108873451.28
image_0258.jpg,66419783.87
image_0691.jpg,81283668.99
image_0924.jpg,110353107.07
image_1324.jpg,11164864.03
image_0631.jpg,5835828.69
image_0190.jpg,14156542.59
image_0135.jpg,30047874.04
image_0381.jpg,41063207.51
image_0765.jpg,35734777.51
image_0611.jpg,31839269.49
image_0291.jpg,9746311.76
image_1248.jpg,152849836.11
image_1329.jpg,16756751.37
image_0141.jpg,15586944.75
image_0761.jpg,16143885.6
image_1117.jpg,7959397.41
image_0280.jpg,1604772727.38
image_1209.jpg,37220868.8
image_1088.jpg,4063082.18
image_0996.jpg,45960600.78
image_1303.jpg,635062983.05
image_0893.jpg,8248665.8
image_0713.jpg,49003302.7
image_0965.jpg,4600773.8
image_0562.jpg,31221698.84
image_0536.jpg,524628643.48
image_0351.jpg,42205527.59
image_0487.jpg,69176648.11
image_1214.jpg,13042194.92
image_0131.jpg,23828668.16
image_0262.jpg,19539432.84
image_1217.jpg,93656170.47
image_0514.jpg,5362457.4
image_0005.jpg,22717081.82
image_0106.jpg,1245756.14
image_0994.jpg,11844825.19
image_0025.jpg,11290864.41
image_1351.jpg,13499411.92
image_1000.jpg,56921499.93
image_0359.jpg,193343757.05
image_0296.jpg,13489363.43
image_1067.jpg,135929937.64
image_0330.jpg,6288200.25
image_0520.jpg,10599144.23
image_1002.jpg,16120341.7
image_0026.jpg,1472944.49
image_0028.jpg,1122631.95
image_0590.jpg,4885854.1
image_1229.jpg,91335161.98
image_1140.jpg,21448493.26
image_0202.jpg,259465813.19
image_1134.jpg,474224018.41
image_0273.jpg,25707505.72
image_1084.jpg,13959705.35
image_1173.jpg,304628468.91
image_0730.jpg,5471301.5
image_1356.jpg,30990297.77
image_0843.jpg,11752364.04
image_0275.jpg,13885234.27
image_0192.jpg,251762322.11
image_0856.jpg,86839275.34
image_1294.jpg,27312301.41
image_1311.jpg,39893734.97
image_1014.jpg,5011442.99
image_0112.jpg,121994124.83
image_0639.jpg,17252189.53
image_1194.jpg,18726036.13
image_0002.jpg,1107582.94
image_0493.jpg,19191776.31
image_0230.jpg,18653439.94
image_0782.jpg,5416567.26
image_0720.jpg,6904196.69
image_0015.jpg,59575940.26
image_0130.jpg,6603862.03
image_0896.jpg,7943022.78
image_0507.jpg,21895085.13
image_0234.jpg,60439807.32
image_0168.jpg,61357813.03
image_1069.jpg,174364601.76
image_0415.jpg,171196105.2
image_1157.jpg,11618041.32
image_0800.jpg,304459212.43
image_0764.jpg,2605406.4
image_1344.jpg,17551542.14
image_0497.jpg,28912288.73
image_0339.jpg,6336620.68
image_0134.jpg,24455657.35
image_0011.jpg,1528634.23
image_1308.jpg,14286791.98
image_0591.jpg,84883912.48
image_0727.jpg,51403392.72
image_0534.jpg,28926865.11
image_0198.jpg,8075165.94
image_0120.jpg,6971039.09
image_0440.jpg,48568586.89
image_0739.jpg,61627960.81
image_0979.jpg,174639440.37
image_0878.jpg,155775255.34
image_1089.jpg,2493689.2
image_0928.jpg,18564674.96
image_1283.jpg,21227927.04
image_0449.jpg,33273522.88
image_1040.jpg,45803101.27
image_0573.jpg,99809879.24
image_1358.jpg,4876497.63
image_0159.jpg,28306491.99
image_0414.jpg,89199571.7
image_0873.jpg,46416374.46
image_1037.jpg,1584786.92
image_1338.jpg,93436400.49
image_1225.jpg,57299210.46
image_1213.jpg,8149749.05
image_0894.jpg,4339077.11
image_0313.jpg,41635019.47
image_0257.jpg,173828522.14
image_0538.jpg,43450924.25
image_1200.jpg,39839857.3
image_0813.jpg,106015556.95
image_1239.jpg,176509602.14
image_1094.jpg,4967059.98
image_1153.jpg,135308175.58
image_0904.jpg,12371434.88
image_0505.jpg,83441981.21
image_0148.jpg,15441030.19
image_0289.jpg,2446517.56
image_0638.jpg,7238608.12
image_0122.jpg,6820904.89
image_0592.jpg,26147942.57
image_0889.jpg,5718881.29
image_0453.jpg,273746556.79
image_0605.jpg,80886428.86
image_0674.jpg,4304140.6
image_0375.jpg,154048081.09
image_0399.jpg,153082251.15
